URL,Production Country
https://www.justwatch.com/in/movie/chaava,
https://www.justwatch.com/in/movie/conclave,
https://www.justwatch.com/in/movie/hit-3,
https://www.justwatch.com/in/movie/veera-dheera-sooran-part-2,
https://www.justwatch.com/in/movie/the-diplomat,
https://www.justwatch.com/in/movie/sikandar-2025,
https://www.justwatch.com/in/movie/raid-2,
https://www.justwatch.com/in/movie/alappuzha-gymkhana,
https://www.justwatch.com/in/movie/dragon-2025,
https://www.justwatch.com/in/movie/court-state-vs-a-nobody,
https://www.justwatch.com/in/movie/sinners-2025,
https://www.justwatch.com/in/movie/odela2,
https://www.justwatch.com/in/movie/heretic,
https://www.justwatch.com/in/movie/thunderbolts,
https://www.justwatch.com/in/movie/superboys-of-malegaon,
https://www.justwatch.com/in/movie/flow-2024,
https://www.justwatch.com/in/movie/thudarum,
https://www.justwatch.com/in/movie/vadakkan,
https://www.justwatch.com/in/movie/phule,
https://www.justwatch.com/in/movie/mission-impossible-7,
https://www.justwatch.com/in/movie/anora,
https://www.justwatch.com/in/movie/nosferatu-2023,
https://www.justwatch.com/in/movie/hit-the-2nd-case,
https://www.justwatch.com/in/movie/lucky-baskhar,
https://www.justwatch.com/in/movie/untitled-shahid-kapoor-kriti-sanon-film,
https://www.justwatch.com/in/movie/officer-on-duty,
https://www.justwatch.com/in/movie/the-substance,
https://www.justwatch.com/in/movie/warfare,
https://www.justwatch.com/in/movie/santosh-2024,
https://www.justwatch.com/in/movie/final-destination-bloodlines,
https://www.justwatch.com/in/movie/k-g-f-chapter-2,
https://www.justwatch.com/in/movie/tourist-family-2025,
https://www.justwatch.com/in/movie/rekhachithram,
https://www.justwatch.com/in/movie/the-brutalist,
https://www.justwatch.com/in/movie/retro,
https://www.justwatch.com/in/movie/drishyam-2-2022,
https://www.justwatch.com/in/movie/girls-will-be-girls-2024,
https://www.justwatch.com/in/movie/top-gun-maverick,
https://www.justwatch.com/in/movie/we-live-in-time,
https://www.justwatch.com/in/movie/the-accountant-2,
https://www.justwatch.com/in/movie/ground-zero-2025-0,
https://www.justwatch.com/in/movie/the-wild-robot,
https://www.justwatch.com/in/movie/sam-bahadur,
https://www.justwatch.com/in/movie/mission-impossible-dead-reckoning-part-two,
https://www.justwatch.com/in/movie/kudumbasthan,
https://www.justwatch.com/in/movie/lultima-notte-di-amore,
https://www.justwatch.com/in/movie/ponman,
https://www.justwatch.com/in/movie/dominic-and-the-ladies-purse-2025,
https://www.justwatch.com/in/movie/mad-2023,
https://www.justwatch.com/in/movie/love-today-2022,
